                  epoch,         train/box_loss,         train/cls_loss,         train/dfl_loss,   metrics/precision(B),      metrics/recall(B),       metrics/mAP50(B),    metrics/mAP50-95(B),           val/box_loss,           val/cls_loss,           val/dfl_loss,                 lr/pg0,                 lr/pg1,                 lr/pg2
                      1,                 2.7956,                 5.0215,                 3.7763,                0.14104,                0.05325,                 0.0325,                0.01252,                 1.9709,                 3.6101,                 2.9588,               0.003331,               0.003331,               0.003331
                      2,                 1.7008,                 3.5718,                  2.368,                0.09163,                0.21189,                0.06631,                0.03729,                 1.4289,                 2.8384,                 2.1323,              0.0065984,              0.0065984,              0.0065984
                      3,                 1.3996,                 2.9438,                 1.9817,                0.09488,                0.44046,                0.08817,                0.05892,                 1.1409,                 2.3742,                  1.762,              0.0097997,              0.0097997,              0.0097997
                      4,                 1.2766,                 2.5898,                 1.8313,                0.10041,                0.44902,                0.09965,                0.07017,                 1.0069,                 2.2108,                 1.5921,               0.009703,               0.009703,               0.009703
                      5,                 1.1841,                 2.4203,                 1.7321,                0.10362,                0.50991,                 0.1107,                0.07901,                0.94818,                 2.1193,                 1.5672,               0.009703,               0.009703,               0.009703
                      6,                 1.1297,                 2.3386,                 1.6796,                0.11203,                0.50972,                0.11677,                0.08685,                0.87328,                  2.048,                 1.4642,               0.009604,               0.009604,               0.009604
                      7,                  1.093,                 2.2887,                 1.6321,                0.10614,                0.56138,                0.11728,                 0.0894,                0.84294,                 2.0157,                 1.4159,               0.009505,               0.009505,               0.009505
                      8,                 1.0601,                 2.2531,                 1.5989,                0.11314,                0.52451,                0.12663,                0.09795,                0.80874,                 1.9691,                 1.4077,               0.009406,               0.009406,               0.009406
                      9,                 1.0332,                 2.2216,                 1.5736,                0.11749,                0.49489,                0.13436,                 0.1042,                0.78045,                 1.9565,                 1.3723,               0.009307,               0.009307,               0.009307
                     10,                 1.0133,                 2.1955,                   1.56,                0.12151,                 0.5091,                 0.1349,                0.10567,                 0.7558,                 1.9326,                 1.3354,               0.009208,               0.009208,               0.009208
                     11,                0.99692,                 2.1797,                 1.5392,                0.12676,                0.49118,                0.13969,                0.11066,                 0.7303,                  1.913,                 1.3219,               0.009109,               0.009109,               0.009109
                     12,                0.98442,                 2.1564,                 1.5262,                0.12273,                0.50962,                0.14325,                0.11365,                0.71966,                 1.9097,                 1.2905,                0.00901,                0.00901,                0.00901
                     13,                0.97324,                 2.1494,                 1.5188,                0.13125,                 0.4933,                 0.1524,                0.12217,                0.70032,                 1.8727,                 1.2782,               0.008911,               0.008911,               0.008911
                     14,                0.96238,                  2.139,                 1.5067,                0.13332,                0.49713,                0.15384,                 0.1239,                0.69039,                 1.8685,                 1.2666,               0.008812,               0.008812,               0.008812
                     15,                 0.9495,                 2.1234,                 1.4954,                0.13999,                0.45299,                0.15768,                0.12732,                0.67757,                 1.8572,                 1.2538,               0.008713,               0.008713,               0.008713
                     16,                0.94318,                 2.1159,                 1.4855,                0.13901,                0.46281,                0.16221,                 0.1324,                0.66591,                 1.8427,                 1.2413,               0.008614,               0.008614,               0.008614
                     17,                0.93545,                 2.1022,                 1.4789,                0.14466,                0.45368,                  0.166,                0.13565,                0.65894,                 1.8383,                 1.2446,               0.008515,               0.008515,               0.008515
                     18,                0.92792,                 2.0941,                 1.4726,                0.15344,                0.44982,                0.17294,                0.14211,                0.64735,                 1.8249,                 1.2252,               0.008416,               0.008416,               0.008416
                     19,                 0.9236,                 2.0888,                 1.4655,                0.14786,                0.46078,                0.17826,                 0.1462,                0.64695,                 1.8144,                 1.2174,               0.008317,               0.008317,               0.008317
                     20,                0.91792,                  2.077,                 1.4599,                0.15333,                0.46206,                0.18204,                0.15015,                0.64101,                 1.8002,                 1.2177,               0.008218,               0.008218,               0.008218
                     21,                0.91452,                 2.0713,                 1.4582,                0.16298,                0.42576,                 0.1881,                0.15593,                0.63412,                  1.792,                 1.2067,               0.008119,               0.008119,               0.008119
                     22,                0.90986,                 2.0646,                 1.4533,                0.16058,                0.43777,                0.19283,                0.16011,                 0.6313,                 1.7837,                 1.2061,                0.00802,                0.00802,                0.00802
                     23,                0.90117,                 2.0547,                  1.445,                0.16794,                  0.433,                0.19763,                0.16412,                0.62277,                 1.7749,                 1.1935,               0.007921,               0.007921,               0.007921
                     24,                0.89928,                 2.0509,                 1.4424,                0.17396,                0.41729,                0.20236,                0.16866,                0.61781,                 1.7648,                 1.1928,               0.007822,               0.007822,               0.007822
                     25,                0.89017,                 2.0474,                 1.4356,                0.16928,                0.44771,                0.20573,                0.17208,                0.61285,                 1.7572,                 1.1863,               0.007723,               0.007723,               0.007723
                     26,                0.89341,                 2.0344,                 1.4383,                 0.1713,                0.44742,                 0.2097,                0.17524,                0.61028,                 1.7503,                 1.1838,               0.007624,               0.007624,               0.007624
                     27,                0.88577,                   2.03,                 1.4337,                0.17681,                0.43356,                0.21548,                0.18043,                  0.606,                 1.7433,                 1.1821,               0.007525,               0.007525,               0.007525
                     28,                0.87993,                 2.0186,                 1.4259,                0.18118,                 0.4291,                0.21746,                0.18254,                0.60315,                 1.7364,                 1.1785,               0.007426,               0.007426,               0.007426
                     29,                0.87903,                 2.0183,                 1.4274,                0.18489,                0.41558,                0.21969,                0.18439,                0.59902,                 1.7317,                 1.1755,               0.007327,               0.007327,               0.007327
                     30,                0.87504,                 2.0131,                 1.4233,                0.18811,                0.41893,                0.22355,                0.18804,                0.59723,                 1.7235,                 1.1733,               0.007228,               0.007228,               0.007228
                     31,                 0.8716,                 2.0076,                 1.4153,                0.19165,                0.42006,                0.22714,                0.19111,                0.59427,                 1.7163,                 1.1669,               0.007129,               0.007129,               0.007129
                     32,                0.87217,                 2.0006,                 1.4203,                0.19843,                0.41126,                0.22941,                0.19346,                0.59083,                 1.7115,                 1.1646,                0.00703,                0.00703,                0.00703
                     33,                0.86572,                 1.9982,                 1.4106,                0.20204,                0.40877,                 0.2317,                0.19547,                0.58807,                 1.7065,                 1.1625,               0.006931,               0.006931,               0.006931
                     34,                0.86411,                 1.9967,                 1.4079,                0.19943,                 0.4232,                0.23495,                0.19841,                0.58618,                 1.7025,                 1.1588,               0.006832,               0.006832,               0.006832
                     35,                0.86519,                 1.9922,                 1.4083,                0.20181,                0.41812,                0.23747,                0.20059,                0.58458,                 1.6987,                  1.158,               0.006733,               0.006733,               0.006733
                     36,                0.85716,                 1.9884,                 1.4028,                0.20372,                0.41665,                0.23987,                0.20276,                0.58304,                 1.6947,                 1.1565,               0.006634,               0.006634,               0.006634
                     37,                 0.8581,                 1.9848,                 1.4066,                0.20567,                0.41493,                0.24251,                0.20514,                0.58141,                 1.6912,                 1.1557,               0.006535,               0.006535,               0.006535
                     38,                0.85471,                 1.9752,                 1.3986,                0.20803,                0.40981,                0.24511,                0.20758,                0.57965,                 1.6873,                 1.1543,               0.006436,               0.006436,               0.006436
                     39,                0.85003,                  1.967,                 1.3996,                0.20883,                0.41615,                0.24738,                0.20967,                0.57803,                 1.6826,                  1.153,               0.006337,               0.006337,               0.006337
                     40,                0.85125,                 1.9631,                    1.4,                0.21322,                0.41206,                0.25023,                0.21226,                 0.5769,                 1.6791,                 1.1517,               0.006238,               0.006238,               0.006238
                     41,                0.84773,                 1.9538,                 1.3937,                0.21543,                0.41294,                0.25231,                0.21399,                0.57594,                 1.6752,                 1.1503,               0.006139,               0.006139,               0.006139
                     42,                0.84974,                 1.9559,                 1.3958,                0.21795,                0.41109,                0.25406,                0.21576,                0.57499,                  1.672,                  1.149,                0.00604,                0.00604,                0.00604
                     43,                0.83666,                 1.9492,                 1.3875,                0.22127,                0.40756,                0.25599,                0.21757,                0.57397,                 1.6688,                  1.148,               0.005941,               0.005941,               0.005941
                     44,                0.83987,                  1.949,                 1.3923,                0.22374,                0.40584,                0.25793,                0.21947,                0.57297,                 1.6659,                 1.1475,               0.005842,               0.005842,               0.005842
                     45,                0.83791,                 1.9426,                 1.3843,                0.22646,                0.40371,                0.25997,                0.22126,                0.57202,                 1.6629,                 1.1466,               0.005743,               0.005743,               0.005743
                     46,                0.83556,                 1.9426,                 1.3861,                0.22801,                0.40249,                0.26141,                0.22263,                0.57109,                 1.6604,                 1.1459,               0.005644,               0.005644,               0.005644
                     47,                0.82919,                 1.9329,                 1.3809,                0.23067,                0.40163,                0.26348,                0.22447,                 0.5703,                 1.6578,                 1.1455,               0.005545,               0.005545,               0.005545
                     48,                0.82954,                 1.9337,                 1.3766,                0.23132,                0.40468,                0.26482,                0.22566,                0.56962,                 1.6552,                 1.1445,               0.005446,               0.005446,               0.005446
                     49,                0.82536,                 1.9261,                  1.374,                 0.2343,                0.40209,                0.26643,                0.22714,                0.56892,                 1.6528,                 1.1436,               0.005347,               0.005347,               0.005347
                     50,                0.82637,                 1.9227,                 1.3772,                0.23563,                0.39967,                0.26815,                0.22862,                0.56815,                 1.6504,                 1.1429,               0.005248,               0.005248,               0.005248
                     51,                0.81863,                 1.9092,                  1.368,                0.23741,                0.39844,                0.26974,                   0.23,                0.56736,                 1.6479,                 1.1421,               0.005149,               0.005149,               0.005149
                     52,                0.82182,                 1.9133,                 1.3733,                0.23875,                0.39718,                0.27122,                0.23133,                0.56666,                 1.6455,                 1.1413,                0.00505,                0.00505,                0.00505
                     53,                0.82099,                 1.9157,                 1.3724,                0.23982,                0.40005,                0.27266,                0.23256,                0.56613,                  1.643,                 1.1409,               0.004951,               0.004951,               0.004951
                     54,                0.82078,                 1.9005,                 1.3677,                0.24203,                0.39734,                 0.2743,                0.23398,                0.56551,                 1.6406,                 1.1403,               0.004852,               0.004852,               0.004852
                     55,                0.81485,                 1.9036,                 1.3658,                0.24262,                0.39989,                0.27576,                0.23535,                0.56487,                 1.6382,                 1.1397,               0.004753,               0.004753,               0.004753
                     56,                0.81647,                 1.8982,                 1.3699,                0.24349,                0.40295,                0.27726,                0.23667,                0.56422,                 1.6359,                 1.1393,               0.004654,               0.004654,               0.004654
                     57,                0.81237,                 1.8921,                 1.3644,                0.24528,                0.40119,                0.27885,                0.23811,                0.56352,                 1.6336,                 1.1387,               0.004555,               0.004555,               0.004555
                     58,                0.81205,                 1.8865,                 1.3623,                0.24694,                0.40471,                0.28042,                0.23954,                0.56292,                 1.6312,                 1.1381,               0.004456,               0.004456,               0.004456
                     59,                0.80821,                 1.8831,                 1.3562,                0.24922,                0.40309,                0.28193,                0.24094,                 0.5622,                 1.6291,                 1.1374,               0.004357,               0.004357,               0.004357
                     60,                0.80378,                 1.8752,                 1.3527,                 0.2499,                0.40495,                 0.2838,                0.24257,                0.56149,                 1.6267,                 1.1365,               0.004258,               0.004258,               0.004258
                     61,                0.80335,                 1.8735,                 1.3547,                0.25127,                0.40649,                0.28512,                0.24375,                0.56078,                 1.6244,                 1.1357,               0.004159,               0.004159,               0.004159
                     62,                0.80864,                 1.8689,                 1.3562,                0.25381,                0.40509,                0.28701,                0.24533,                0.56022,                 1.6219,                 1.1352,                0.00406,                0.00406,                0.00406
                     63,                0.80044,                 1.8687,                  1.352,                0.25565,                0.40331,                0.28858,                0.24685,                0.55954,                 1.6196,                 1.1345,               0.003961,               0.003961,               0.003961
                     64,                0.79804,                 1.8646,                  1.352,                 0.2575,                 0.4019,                0.29026,                0.24842,                0.55884,                  1.617,                 1.1337,               0.003862,               0.003862,               0.003862
                     65,                0.79696,                 1.8595,                 1.3485,                0.25812,                0.40385,                0.29194,                 0.2499,                0.55824,                 1.6146,                 1.1329,               0.003763,               0.003763,               0.003763
                     66,                0.79572,                 1.8592,                 1.3455,                0.26105,                0.40264,                0.29361,                0.25148,                0.55762,                 1.6122,                 1.1323,               0.003664,               0.003664,               0.003664
                     67,                0.79169,                 1.8517,                 1.3455,                0.26203,                 0.4048,                 0.2953,                0.25303,                 0.5569,                 1.6098,                 1.1315,               0.003565,               0.003565,               0.003565
                     68,                0.79013,                 1.8477,                 1.3444,                0.26491,                0.40401,                0.29722,                0.25473,                0.55624,                 1.6074,                 1.1308,               0.003466,               0.003466,               0.003466
                     69,                0.79584,                 1.8463,                 1.3457,                0.26742,                0.40191,                0.29892,                0.25624,                0.55562,                 1.6048,                 1.1301,               0.003367,               0.003367,               0.003367
                     70,                0.79123,                 1.8462,                 1.3437,                0.26935,                 0.4037,                0.30106,                0.25823,                0.55497,                 1.6021,                 1.1294,               0.003268,               0.003268,               0.003268
                     71,                0.78445,                 1.8351,                 1.3384,                0.27246,                0.40027,                0.30303,                0.26002,                0.55426,                 1.5995,                 1.1286,               0.003169,               0.003169,               0.003169
                     72,                0.78771,                 1.8339,                  1.337,                0.27564,                0.39988,                0.30485,                0.26164,                0.55359,                  1.597,                 1.1277,                0.00307,                0.00307,                0.00307
                     73,                 0.7822,                 1.8267,                 1.3327,                0.27849,                0.39939,                0.30695,                 0.2635,                 0.5529,                 1.5942,                 1.1266,               0.002971,               0.002971,               0.002971
                     74,                0.78372,                 1.8222,                 1.3386,                0.28049,                0.40171,                0.30894,                0.26531,                0.55224,                 1.5915,                 1.1259,               0.002872,               0.002872,               0.002872
                     75,                0.77675,                 1.8176,                 1.3327,                0.28363,                0.40073,                0.31135,                0.26754,                0.55149,                 1.5887,                  1.125,               0.002773,               0.002773,               0.002773
                     76,                0.77873,                 1.8111,                 1.3301,                0.28442,                0.40298,                0.31322,                0.26918,                0.55081,                 1.5857,                  1.124,               0.002674,               0.002674,               0.002674
                     77,                0.77441,                  1.807,                 1.3287,                 0.2879,                0.40184,                0.31553,                0.27129,                0.55013,                 1.5828,                 1.1231,               0.002575,               0.002575,               0.002575
                     78,                0.77104,                 1.8053,                 1.3266,                0.28908,                0.40271,                0.31761,                0.27316,                 0.5494,                 1.5798,                 1.1222,               0.002476,               0.002476,               0.002476
                     79,                0.77057,                 1.7995,                 1.3273,                0.29106,                0.40427,                0.31988,                 0.2752,                0.54883,                 1.5767,                 1.1217,               0.002377,               0.002377,               0.002377
                     80,                 0.7697,                  1.794,                 1.3272,                0.29405,                0.40249,                0.32207,                 0.2772,                0.54802,                 1.5736,                 1.1208,               0.002278,               0.002278,               0.002278
                     81,                0.76598,                   1.79,                 1.3195,                0.29595,                0.40468,                0.32413,                0.27914,                0.54731,                 1.5704,                 1.1199,               0.002179,               0.002179,               0.002179
                     82,                0.76544,                 1.7841,                 1.3189,                0.29946,                0.40358,                0.32651,                0.28129,                0.54664,                 1.5673,                  1.119,                0.00208,                0.00208,                0.00208
                     83,                0.76521,                 1.7857,                  1.319,                0.30115,                0.40552,                0.32887,                0.28342,                0.54597,                 1.5642,                 1.1182,               0.001981,               0.001981,               0.001981
                     84,                0.76038,                 1.7804,                 1.3185,                0.30524,                0.40433,                0.33093,                 0.2853,                0.54521,                  1.561,                 1.1175,               0.001882,               0.001882,               0.001882
                     85,                0.75742,                 1.7711,                 1.3149,                0.30746,                 0.4069,                0.33311,                0.28734,                 0.5445,                 1.5578,                 1.1167,               0.001783,               0.001783,               0.001783
                     86,                0.75945,                 1.7724,                 1.3156,                0.30932,                0.40894,                0.33535,                0.28948,                0.54381,                 1.5546,                  1.116,               0.001684,               0.001684,               0.001684
                     87,                0.75317,                 1.7613,                 1.3102,                0.31257,                0.40703,                0.33773,                0.29174,                0.54319,                 1.5514,                 1.1152,               0.001585,               0.001585,               0.001585
                     88,                0.75422,                  1.755,                 1.3142,                0.31649,                0.40693,                0.34002,                0.29381,                0.54252,                 1.5481,                 1.1145,               0.001486,               0.001486,               0.001486
                     89,                 0.7547,                 1.7497,                 1.3157,                0.31846,                0.40958,                0.34246,                0.29597,                0.54182,                 1.5449,                 1.1138,               0.001387,               0.001387,               0.001387
                     90,                0.74798,                  1.752,                 1.3064,                 0.3205,                  0.412,                0.34481,                0.29813,                0.54108,                 1.5417,                 1.1131,               0.001288,               0.001288,               0.001288
                     91,                0.58638,                 1.5348,                 1.1571,                0.32435,                0.41101,                0.34703,                0.30017,                0.54034,                 1.5382,                 1.1123,               0.001189,               0.001189,               0.001189
                     92,                0.57963,                 1.5196,                 1.1498,                0.32527,                0.41264,                0.34956,                0.30246,                0.53955,                 1.5347,                 1.1115,                0.00109,                0.00109,                0.00109
                     93,                0.57373,                  1.511,                 1.1444,                0.32963,                0.41184,                0.35234,                0.30495,                0.53873,                 1.5311,                 1.1107,               0.000991,               0.000991,               0.000991
                     94,                0.57012,                 1.5021,                 1.1393,                0.33111,                0.41302,                0.35501,                0.30745,                0.53793,                 1.5273,                 1.1097,               0.000892,               0.000892,               0.000892
                     95,                0.56931,                 1.4919,                 1.1428,                0.33267,                0.41573,                0.35787,                0.30998,                0.53704,                 1.5236,                  1.109,               0.000793,               0.000793,               0.000793
                     96,                0.56265,                  1.483,                 1.1373,                0.33663,                0.41534,                0.36064,                0.31255,                0.53627,                 1.5197,                 1.1083,               0.000694,               0.000694,               0.000694
                     97,                0.56007,                 1.4754,                 1.1313,                 0.3382,                0.41835,                0.36334,                  0.315,                0.53553,                 1.5158,                 1.1075,               0.000595,               0.000595,               0.000595
                     98,                0.55766,                 1.4691,                 1.1312,                0.34062,                0.41922,                0.36618,                0.31757,                0.53474,                  1.512,                 1.1067,               0.000496,               0.000496,               0.000496
                     99,                0.55314,                 1.4615,                 1.1286,                0.34352,                0.41889,                0.36905,                0.32015,                0.53389,                  1.508,                 1.1059,               0.000397,               0.000397,               0.000397
                    100,                0.55382,                  1.455,                 1.1281,                0.34539,                0.42242,                0.37187,                0.32279,                0.53316,                 1.5041,                 1.1052,               0.000298,               0.000298,               0.000298
